{
  "altStats": {
    "а": {
      "conAfter": 0.8421052631578947,
      "conBefore": 0.9897959183673469,
      "vowAfter": 0.1578947368421053,
      "vowBefore": 0.010204081632653073
    },
    "б": {
      "conAfter": 0.15384615384615385,
      "conBefore": 0.2,
      "vowAfter": 0.8461538461538461,
      "vowBefore": 0.8
    },
    "в": {
      "conAfter": 0.22916666666666666,
      "conBefore": 0.3,
      "vowAfter": 0.7708333333333334,
      "vowBefore": 0.7
    },
    "г": {
      "conAfter": 0.7083333333333334,
      "conBefore": 0.0,
      "vowAfter": 0.29166666666666663,
      "vowBefore": 1.0
    },
    "д": {
      "conAfter": 0.6086956521739131,
      "conBefore": 0.17391304347826086,
      "vowAfter": 0.3913043478260869,
      "vowBefore": 0.8260869565217391
    },
    "е": {
      "conAfter": 0.9452054794520548,
      "conBefore": 0.8372093023255814,
      "vowAfter": 0.0547945205479452,
      "vowBefore": 0.16279069767441856
    },
    "ж": {
      "conAfter": 0.4,
      "conBefore": 0.16666666666666666,
      "vowAfter": 0.6,
      "vowBefore": 0.8333333333333334
    },
    "з": {
      "conAfter": 0.3333333333333333,
      "conBefore": 0.0,
      "vowAfter": 0.6666666666666667,
      "vowBefore": 1.0
    },
    "и": {
      "conAfter": 0.8809523809523809,
      "conBefore": 0.945054945054945,
      "vowAfter": 0.11904761904761907,
      "vowBefore": 0.05494505494505497
    },
    "й": {
      "conAfter": 1.0,
      "conBefore": 0.0,
      "vowAfter": 0.0,
      "vowBefore": 1.0
    },
    "к": {
      "conAfter": 0.23255813953488372,
      "conBefore": 0.2222222222222222,
      "vowAfter": 0.7674418604651163,
      "vowBefore": 0.7777777777777778
    },
    "л": {
      "conAfter": 0.02,
      "conBefore": 0.5555555555555556,
      "vowAfter": 0.98,
      "vowBefore": 0.4444444444444444
    },
    "м": {
      "conAfter": 0.3333333333333333,
      "conBefore": 0.041666666666666664,
      "vowAfter": 0.6666666666666667,
      "vowBefore": 0.9583333333333334
    },
    "н": {
      "conAfter": 0.1,
      "conBefore": 0.44,
      "vowAfter": 0.9,
      "vowBefore": 0.56
    },
    "о": {
      "conAfter": 0.9397590361445783,
      "conBefore": 1.0,
      "vowAfter": 0.06024096385542166,
      "vowBefore": 0.0
    },
    "п": {
      "conAfter": 0.2727272727272727,
      "conBefore": 0.5714285714285714,
      "vowAfter": 0.7272727272727273,
      "vowBefore": 0.4285714285714286
    },
    "р": {
      "conAfter": 0.0392156862745098,
      "conBefore": 0.6923076923076923,
      "vowAfter": 0.9607843137254902,
      "vowBefore": 0.3076923076923077
    },
    "с": {
      "conAfter": 0.7238095238095238,
      "conBefore": 0.2465753424657534,
      "vowAfter": 0.2761904761904762,
      "vowBefore": 0.7534246575342466
    },
    "т": {
      "conAfter": 0.2222222222222222,
      "conBefore": 0.6025641025641025,
      "vowAfter": 0.7777777777777778,
      "vowBefore": 0.39743589743589747
    },
    "у": {
      "conAfter": 0.8666666666666667,
      "conBefore": 1.0,
      "vowAfter": 0.1333333333333333,
      "vowBefore": 0.0
    },
    "ф": {
      "conAfter": 0.0,
      "conBefore": 1.0,
      "vowAfter": 1.0,
      "vowBefore": 0.0
    },
    "х": {
      "conAfter": 0.6666666666666666,
      "conBefore": 0.0,
      "vowAfter": 0.33333333333333337,
      "vowBefore": 1.0
    },
    "ц": {
      "conAfter": 0.0,
      "conBefore": 0.0,
      "vowAfter": 1.0,
      "vowBefore": 1.0
    },
    "ч": {
      "conAfter": 0.0,
      "conBefore": 0.13333333333333333,
      "vowAfter": 1.0,
      "vowBefore": 0.8666666666666667
    },
    "ш": {
      "conAfter": 0.0,
      "conBefore": 0.0,
      "vowAfter": 0.0,
      "vowBefore": 0.0
    },
    "щ": {
      "conAfter": 0.0,
      "conBefore": 0.0,
      "vowAfter": 1.0,
      "vowBefore": 1.0
    },
    "ы": {
      "conAfter": 0.9411764705882353,
      "conBefore": 1.0,
      "vowAfter": 0.05882352941176472,
      "vowBefore": 0.0
    },
    "э": {
      "conAfter": 0.0,
      "conBefore": 0.0,
      "vowAfter": 0.0,
      "vowBefore": 0.0
    },
    "ю": {
      "conAfter": 1.0,
      "conBefore": 0.07692307692307693,
      "vowAfter": 0.0,
      "vowBefore": 0.9230769230769231
    },
    "я": {
      "conAfter": 1.0,
      "conBefore": 0.7222222222222222,
      "vowAfter": 0.0,
      "vowBefore": 0.2777777777777778
    },
    "ё": {
      "conAfter": 0.0,
      "conBefore": 0.0,
      "vowAfter": 0.0,
      "vowBefore": 0.0
    }
  },
  "charStats": {
    " ": 0.18676561533704392,
    "!": 0.0,
    ",": 0.019789734075448363,
    ".": 0.016079158936301793,
    ":": 0.0024737167594310453,
    ";": 0.0024737167594310453,
    "?": 0.0,
    "а": 0.06617192331478046,
    "б": 0.008039579468150896,
    "в": 0.04267161410018553,
    "г": 0.017316017316017316,
    "д": 0.016697588126159554,
    "е": 0.05442176870748299,
    "ж": 0.004329004329004329,
    "з": 0.009894867037724181,
    "и": 0.06679035250463822,
    "й": 0.006802721088435374,
    "к": 0.02844774273345702,
    "л": 0.03463203463203463,
    "м": 0.016079158936301793,
    "н": 0.04267161410018553,
    "о": 0.07544836116264687,
    "п": 0.034013605442176874,
    "р": 0.03277674706246135,
    "с": 0.06926406926406926,
    "т": 0.05627705627705628,
    "у": 0.016697588126159554,
    "ф": 0.0012368583797155227,
    "х": 0.011750154607297465,
    "ц": 0.0018552875695732839,
    "ч": 0.012368583797155226,
    "ш": 0.0006184291898577613,
    "щ": 0.0037105751391465678,
    "ъ": 0.0006184291898577613,
    "ы": 0.013605442176870748,
    "ь": 0.0074211502782931356,
    "э": 0.0,
    "ю": 0.008039579468150896,
    "я": 0.011750154607297465,
    "ё": 0.0
  },