{
  "charStats": {
    "all": {
      " ": 0.1859737006887915,
      "!": 0.0,
      ",": 0.020037570444583593,
      ".": 0.01628052598622417,
      ":": 0.002504696305572949,
      ";": 0.002504696305572949,
      "?": 0.0,
      "а": 0.06574827802128992,
      "б": 0.006261740763932373,
      "в": 0.043206011271133375,
      "г": 0.017532874139010644,
      "д": 0.01628052598622417,
      "е": 0.054477144646211645,
      "ж": 0.003757044458359424,
      "з": 0.010018785222291797,
      "и": 0.06762680025046963,
      "й": 0.0068879148403256105,
      "к": 0.028804007514088917,
      "л": 0.03506574827802129,
      "м": 0.01628052598622417,
      "н": 0.042579837194740136,
      "о": 0.07576706324358172,
      "п": 0.033813400125234816,
      "р": 0.03256105197244834,
      "с": 0.07013149655604257,
      "т": 0.056355666875391355,
      "у": 0.016906700062617408,
      "ф": 0.0012523481527864746,
      "х": 0.011271133375078271,
      "ц": 0.0012523481527864746,
      "ч": 0.012523481527864746,
      "ш": 0.0006261740763932373,
      "щ": 0.003757044458359424,
      "ъ": 0.0006261740763932373,
      "ы": 0.013775829680651221,
      "ь": 0.007514088916718848,
      "э": 0.0,
      "ю": 0.008140262993112084,
      "я": 0.011897307451471509,
      "ё": 0.0
    },
    "cons": {
      "б": 0.013908205841446454,
      "в": 0.09596662030598054,
      "г": 0.03894297635605007,
      "д": 0.03616133518776078,
      "ж": 0.008344923504867872,
      "з": 0.022253129346314324,
      "й": 0.015299026425591099,
      "к": 0.06397774687065369,
      "л": 0.07788595271210014,
      "м": 0.03616133518776078,
      "н": 0.09457579972183588,
      "п": 0.07510431154381085,
      "р": 0.07232267037552156,
      "с": 0.15577190542420027,
      "т": 0.12517385257301808,
      "ф": 0.0027816411682892906,
      "х": 0.025034770514603615,
      "ц": 0.0027816411682892906,
      "ч": 0.027816411682892908,
      "ш": 0.0013908205841446453,
      "щ": 0.008344923504867872
    },
    "other": {
      "й": 0.2391304347826087,
      "ъ": 0.021739130434782608,
      "ы": 0.4782608695652174,
      "ь": 0.2608695652173913
    },
    "punct": {
      "!": 0.0,
      ",": 0.48484848484848486,
      ".": 0.3939393939393939,
      ":": 0.06060606060606061,
      ";": 0.06060606060606061,
      "?": 0.0
    },
    "rare": {
      "ж": 0.10909090909090909,
      "ф": 0.03636363636363636,
      "х": 0.32727272727272727,
      "ц": 0.03636363636363636,
      "ч": 0.36363636363636365,
      "ш": 0.01818181818181818,
      "щ": 0.10909090909090909
    },
    "voiced": {
      "б": 0.028011204481792718,
      "в": 0.19327731092436976,
      "г": 0.0784313725490196,
      "д": 0.07282913165266107,
      "ж": 0.01680672268907563,
      "з": 0.04481792717086835,
      "л": 0.1568627450980392,
      "м": 0.07282913165266107,
      "н": 0.19047619047619047,
      "р": 0.14565826330532214
    },
    "voiceless": {
      "к": 0.13105413105413105,
      "п": 0.15384615384615385,
      "с": 0.3190883190883191,
      "т": 0.2564102564102564,
      "ф": 0.005698005698005698,
      "х": 0.05128205128205128,
      "ц": 0.005698005698005698,
      "ч": 0.05698005698005698,
      "ш": 0.002849002849002849,
      "щ": 0.017094017094017096
    },
    "vows": {
      "а": 0.20916334661354583,
      "е": 0.17330677290836655,
      "и": 0.2151394422310757,
      "о": 0.2410358565737052,
      "у": 0.053784860557768925,
      "ы": 0.043824701195219126,
      "э": 0.0,
      "ю": 0.025896414342629483,
      "я": 0.037848605577689244,
      "ё": 0.0
    }
  }
}