{
  "charStats": {
    "all": {
      " ": 0.18738170347003155,
      "!": 0.0,
      ",": 0.02018927444794953,
      ".": 0.016403785488958992,
      ":": 0.002523659305993691,
      ";": 0.002523659305993691,
      "?": 0.0,
      "а": 0.06624605678233439,
      "б": 0.006309148264984227,
      "в": 0.043533123028391164,
      "г": 0.017665615141955835,
      "д": 0.016403785488958992,
      "е": 0.05488958990536277,
      "ж": 0.0037854889589905363,
      "з": 0.010094637223974764,
      "и": 0.06813880126182965,
      "й": 0.00694006309148265,
      "к": 0.029022082018927444,
      "л": 0.03533123028391167,
      "м": 0.016403785488958992,
      "н": 0.04290220820189274,
      "о": 0.07634069400630915,
      "п": 0.03406940063091483,
      "р": 0.032807570977917984,
      "с": 0.07066246056782334,
      "т": 0.056782334384858045,
      "у": 0.017034700315457414,
      "ф": 0.0012618296529968455,
      "х": 0.011356466876971609,
      "ц": 0.0012618296529968455,
      "ч": 0.012618296529968454,
      "ш": 0.0006309148264984228,
      "щ": 0.0037854889589905363,
      "ъ": 0.0006309148264984228,
      "ы": 0.0138801261829653,
      "э": 0.0,
      "ю": 0.008201892744479496,
      "я": 0.011987381703470032,
      "ё": 0.0
    }
  }
}