{
  "altStats": {
    "а": {
      "conAfter": 0.8404255319148937,
      "conBefore": 0.9896907216494846,
      "vowAfter": 0.15957446808510634,
      "vowBefore": 0.010309278350515427
    },
    "б": {
      "conAfter": 0.15384615384615385,
      "conBefore": 0.2,
      "vowAfter": 0.8461538461538461,
      "vowBefore": 0.8
    },
    "в": {
      "conAfter": 0.22916666666666666,
      "conBefore": 0.3,
      "vowAfter": 0.7708333333333334,
      "vowBefore": 0.7
    },
    "г": {
      "conAfter": 0.7083333333333334,
      "conBefore": 0.0,
      "vowAfter": 0.29166666666666663,
      "vowBefore": 1.0
    },
    "д": {
      "conAfter": 0.6086956521739131,
      "conBefore": 0.17391304347826086,
      "vowAfter": 0.3913043478260869,
      "vowBefore": 0.8260869565217391
    },
    "е": {
      "conAfter": 0.9444444444444444,
      "conBefore": 0.8352941176470589,
      "vowAfter": 0.05555555555555558,
      "vowBefore": 0.16470588235294115
    },
    "ж": {
      "conAfter": 0.4,
      "conBefore": 0.16666666666666666,
      "vowAfter": 0.6,
      "vowBefore": 0.8333333333333334
    },
    "з": {
      "conAfter": 0.3333333333333333,
      "conBefore": 0.0,
      "vowAfter": 0.6666666666666667,
      "vowBefore": 1.0
    },
    "и": {
      "conAfter": 0.8809523809523809,
      "conBefore": 0.945054945054945,
      "vowAfter": 0.11904761904761907,
      "vowBefore": 0.05494505494505497
    },
    "й": {
      "conAfter": 1.0,
      "conBefore": 0.0,
      "vowAfter": 0.0,
      "vowBefore": 1.0
    },
    "к": {
      "conAfter": 0.23255813953488372,
      "conBefore": 0.2222222222222222,
      "vowAfter": 0.7674418604651163,
      "vowBefore": 0.7777777777777778
    },
    "л": {
      "conAfter": 0.02,
      "conBefore": 0.5555555555555556,
      "vowAfter": 0.98,
      "vowBefore": 0.4444444444444444
    },
    "м": {
      "conAfter": 0.3333333333333333,
      "conBefore": 0.041666666666666664,
      "vowAfter": 0.6666666666666667,
      "vowBefore": 0.9583333333333334
    },
    "н": {
      "conAfter": 0.0847457627118644,
      "conBefore": 0.4489795918367347,
      "vowAfter": 0.9152542372881356,
      "vowBefore": 0.5510204081632653
    },
    "о": {
      "conAfter": 0.9390243902439024,
      "conBefore": 1.0,
      "vowAfter": 0.060975609756097615,
      "vowBefore": 0.0
    },
    "п": {
      "conAfter": 0.2558139534883721,
      "conBefore": 0.5714285714285714,
      "vowAfter": 0.7441860465116279,
      "vowBefore": 0.4285714285714286
    },
    "р": {
      "conAfter": 0.04,
      "conBefore": 0.6842105263157895,
      "vowAfter": 0.96,
      "vowBefore": 0.3157894736842105
    },
    "с": {
      "conAfter": 0.7238095238095238,
      "conBefore": 0.2465753424657534,
      "vowAfter": 0.2761904761904762,
      "vowBefore": 0.7534246575342466
    },
    "т": {
      "conAfter": 0.225,
      "conBefore": 0.5974025974025974,
      "vowAfter": 0.775,
      "vowBefore": 0.4025974025974026
    },
    "у": {
      "conAfter": 0.8666666666666667,
      "conBefore": 1.0,
      "vowAfter": 0.1333333333333333,
      "vowBefore": 0.0
    },
    "ф": {
      "conAfter": 0.0,
      "conBefore": 1.0,
      "vowAfter": 1.0,
      "vowBefore": 0.0
    },
    "х": {
      "conAfter": 0.6666666666666666,
      "conBefore": 0.0,
      "vowAfter": 0.33333333333333337,
      "vowBefore": 1.0
    },
    "ц": {
      "conAfter": 0.0,
      "conBefore": 0.0,
      "vowAfter": 1.0,
      "vowBefore": 1.0
    },
    "ч": {
      "conAfter": 0.0,
      "conBefore": 0.13333333333333333,
      "vowAfter": 1.0,
      "vowBefore": 0.8666666666666667
    },
    "ш": {
      "conAfter": 0.0,
      "conBefore": 0.0,
      "vowAfter": 0.0,
      "vowBefore": 0.0
    },
    "щ": {
      "conAfter": 0.0,
      "conBefore": 0.0,
      "vowAfter": 1.0,
      "vowBefore": 1.0
    },
    "ы": {
      "conAfter": 0.9411764705882353,
      "conBefore": 1.0,
      "vowAfter": 0.05882352941176472,
      "vowBefore": 0.0
    },
    "э": {
      "conAfter": 0.0,
      "conBefore": 0.0,
      "vowAfter": 0.0,
      "vowBefore": 0.0
    },
    "ю": {
      "conAfter": 1.0,
      "conBefore": 0.07692307692307693,
      "vowAfter": 0.0,
      "vowBefore": 0.9230769230769231
    },
    "я": {
      "conAfter": 1.0,
      "conBefore": 0.7222222222222222,
      "vowAfter": 0.0,
      "vowBefore": 0.2777777777777778
    },
    "ё": {
      "conAfter": 0.0,
      "conBefore": 0.0,
      "vowAfter": 0.0,
      "vowBefore": 0.0
    }
  },
  "charStats": {
    " ": 0.18730553827006846,
    "!": 0.0,
    ",": 0.019912881144990666,
    ".": 0.016179215930304917,
    ":": 0.002489110143123833,
    ";": 0.002489110143123833,
    "?": 0.0,
    "а": 0.06596141879278158,
    "б": 0.008089607965152458,
    "в": 0.042937149968886125,
    "г": 0.017423771001866834,
    "д": 0.016801493466085875,
    "е": 0.054138145612943375,
    "ж": 0.0043559427504667085,
    "з": 0.009956440572495333,
    "и": 0.0672059738643435,
    "й": 0.006845052893590542,
    "к": 0.02862476664592408,
    "л": 0.03484754200373367,
    "м": 0.016179215930304917,
    "н": 0.042314872433105166,
    "о": 0.07529558182949596,
    "п": 0.03360298693217175,
    "р": 0.03235843186060983,
    "с": 0.06969508400746734,
    "т": 0.056004978220286245,
    "у": 0.016801493466085875,
    "ф": 0.0012445550715619166,
    "х": 0.01120099564405725,
    "ц": 0.0012445550715619166,
    "ч": 0.012445550715619166,
    "ш": 0.0006222775357809583,
    "щ": 0.00373366521468575,
    "ъ": 0.0006222775357809583,
    "ы": 0.013690105787181083,
    "ь": 0.0074673304293715,
    "э": 0.0,
    "ю": 0.008089607965152458,
    "я": 0.011823273179838207,
    "ё": 0.0
  }
}