{
  "altStats": {
    "а": {
      "conAfter": 0.845360824742268,
      "conBefore": 0.9916666666666667,
      "vowAfter": 0.15463917525773196,
      "vowBefore": 0.008333333333333304
    },
    "б": {
      "conAfter": 0.15384615384615385,
      "conBefore": 0.2,
      "vowAfter": 0.8461538461538461,
      "vowBefore": 0.8
    },
    "в": {
      "conAfter": 0.22916666666666666,
      "conBefore": 0.3,
      "vowAfter": 0.7708333333333334,
      "vowBefore": 0.7
    },
    "г": {
      "conAfter": 0.7083333333333334,
      "conBefore": 0.0,
      "vowAfter": 0.29166666666666663,
      "vowBefore": 1.0
    },
    "д": {
      "conAfter": 0.6086956521739131,
      "conBefore": 0.17391304347826086,
      "vowAfter": 0.3913043478260869,
      "vowBefore": 0.8260869565217391
    },
    "е": {
      "conAfter": 0.9452054794520548,
      "conBefore": 0.8372093023255814,
      "vowAfter": 0.0547945205479452,
      "vowBefore": 0.16279069767441856
    },
    "ж": {
      "conAfter": 0.07407407407407407,
      "conBefore": 0.125,
      "vowAfter": 0.9259259259259259,
      "vowBefore": 0.875
    },
    "з": {
      "conAfter": 0.3333333333333333,
      "conBefore": 0.0,
      "vowAfter": 0.6666666666666667,
      "vowBefore": 1.0
    },
    "и": {
      "conAfter": 0.8809523809523809,
      "conBefore": 0.945054945054945,
      "vowAfter": 0.11904761904761907,
      "vowBefore": 0.05494505494505497
    },
    "й": {
      "conAfter": 1.0,
      "conBefore": 0.0,
      "vowAfter": 0.0,
      "vowBefore": 1.0
    },
    "к": {
      "conAfter": 0.23255813953488372,
      "conBefore": 0.2222222222222222,
      "vowAfter": 0.7674418604651163,
      "vowBefore": 0.7777777777777778
    },
    "л": {
      "conAfter": 0.02,
      "conBefore": 0.5555555555555556,
      "vowAfter": 0.98,
      "vowBefore": 0.4444444444444444
    },
    "м": {
      "conAfter": 0.3333333333333333,
      "conBefore": 0.041666666666666664,
      "vowAfter": 0.6666666666666667,
      "vowBefore": 0.9583333333333334
    },
    "н": {
      "conAfter": 0.1,
      "conBefore": 0.44,
      "vowAfter": 0.9,
      "vowBefore": 0.56
    },
    "о": {
      "conAfter": 0.9523809523809523,
      "conBefore": 1.0,
      "vowAfter": 0.04761904761904767,
      "vowBefore": 0.0
    },
    "п": {
      "conAfter": 0.18181818181818182,
      "conBefore": 0.13793103448275862,
      "vowAfter": 0.8181818181818181,
      "vowBefore": 0.8620689655172413
    },
    "р": {
      "conAfter": 0.0392156862745098,
      "conBefore": 0.6923076923076923,
      "vowAfter": 0.9607843137254902,
      "vowBefore": 0.3076923076923077
    },
    "с": {
      "conAfter": 0.7238095238095238,
      "conBefore": 0.2465753424657534,
      "vowAfter": 0.2761904761904762,
      "vowBefore": 0.7534246575342466
    },
    "т": {
      "conAfter": 0.2222222222222222,
      "conBefore": 0.6025641025641025,
      "vowAfter": 0.7777777777777778,
      "vowBefore": 0.39743589743589747
    },
    "у": {
      "conAfter": 0.8666666666666667,
      "conBefore": 1.0,
      "vowAfter": 0.1333333333333333,
      "vowBefore": 0.0
    },
    "ф": {
      "conAfter": 0.0,
      "conBefore": 1.0,
      "vowAfter": 1.0,
      "vowBefore": 0.0
    },
    "х": {
      "conAfter": 0.6666666666666666,
      "conBefore": 0.0,
      "vowAfter": 0.33333333333333337,
      "vowBefore": 1.0
    },
    "ц": {
      "conAfter": 0.0,
      "conBefore": 0.0,
      "vowAfter": 1.0,
      "vowBefore": 1.0
    },
    "ч": {
      "conAfter": 0.0,
      "conBefore": 0.13333333333333333,
      "vowAfter": 1.0,
      "vowBefore": 0.8666666666666667
    },
    "ш": {
      "conAfter": 0.0,
      "conBefore": 0.0,
      "vowAfter": 0.0,
      "vowBefore": 0.0
    },
    "щ": {
      "conAfter": 0.0,
      "conBefore": 0.0,
      "vowAfter": 1.0,
      "vowBefore": 1.0
    },
    "ы": {
      "conAfter": 0.9411764705882353,
      "conBefore": 1.0,
      "vowAfter": 0.05882352941176472,
      "vowBefore": 0.0
    },
    "э": {
      "conAfter": 0.0,
      "conBefore": 0.0,
      "vowAfter": 0.0,
      "vowBefore": 0.0
    },
    "ю": {
      "conAfter": 1.0,
      "conBefore": 0.07692307692307693,
      "vowAfter": 0.0,
      "vowBefore": 0.9230769230769231
    },
    "я": {
      "conAfter": 1.0,
      "conBefore": 0.7222222222222222,
      "vowAfter": 0.0,
      "vowBefore": 0.2777777777777778
    },
    "ё": {
      "conAfter": 0.0,
      "conBefore": 0.0,
      "vowAfter": 0.0,
      "vowBefore": 0.0
    }
  },
  "charStats": {
    " ": 0.1880787037037037,
    "!": 0.0,
    ",": 0.018518518518518517,
    ".": 0.015046296296296295,
    ":": 0.0023148148148148147,
    ";": 0.0023148148148148147,
    "?": 0.0,
    "а": 0.07465277777777778,
    "б": 0.007523148148148148,
    "в": 0.03993055555555555,
    "г": 0.016203703703703703,
    "д": 0.015625,
    "е": 0.05092592592592592,
    "ж": 0.01678240740740741,
    "з": 0.009259259259259259,
    "и": 0.0625,
    "й": 0.00636574074074074,
    "к": 0.02662037037037037,
    "л": 0.032407407407407406,
    "м": 0.015046296296296295,
    "н": 0.03993055555555555,
    "о": 0.08333333333333333,
    "п": 0.04456018518518518,
    "р": 0.030671296296296297,
    "с": 0.06481481481481481,
    "т": 0.052662037037037035,
    "у": 0.015625,
    "ф": 0.0011574074074074073,
    "х": 0.01099537037037037,
    "ц": 0.001736111111111111,
    "ч": 0.011574074074074073,
    "ш": 0.0005787037037037037,
    "щ": 0.003472222222222222,
    "ъ": 0.0005787037037037037,
    "ы": 0.01273148148148148,
    "ь": 0.006944444444444444,
    "э": 0.0,
    "ю": 0.007523148148148148,
    "я": 0.01099537037037037,
    "ё": 0.0
  },